user_id,age,region,device,primary_interest,secondary_interest_1,secondary_interest_2,creator_affinity,avg_session_minutes
0,30,EMEA,Android,Music,Comedy,Dance,0.6087017194162632,19.148596081920687
1,19,EMEA,Android,DIY,Food,Travel,0.48404805663601974,5.887678300855298
2,34,LATAM,Android,Education,Comedy,Sports,0.7123000079341322,16.61308740744649
3,35,EMEA,Android,Sports,Food,Dance,0.6369115947207709,11.437380402563388
4,13,EMEA,Web,DIY,Fashion,Sports,0.2992158522479164,0.3358354290314267
5,17,EMEA,iOS,Fashion,Food,Comedy,0.5141803311299437,8.990275958025734
6,29,EMEA,iOS,Food,Music,Fashion,0.450660328875584,11.125176393099302
7,25,APAC,Web,Dance,Food,Sports,0.8774670200089054,7.304628846777338
8,27,LATAM,iOS,Education,Travel,DIY,0.503074045578487,11.733020157363097
9,21,LATAM,Android,Sports,DIY,Comedy,0.8572441861111142,8.307294486397709
10,35,NA,Android,Comedy,Travel,Fashion,0.5539116751207565,34.551558659497196
11,34,EMEA,iOS,Education,Food,Comedy,0.8028004507564881,6.923908850997634
12,28,LATAM,Android,Music,Comedy,DIY,0.308225542808952,4.9494822524009345
13,37,LATAM,iOS,Fashion,Food,Dance,0.9397201757267699,16.064159358879955
14,31,NA,iOS,Comedy,Food,Dance,0.5844479126391346,7.603698817813656
15,21,APAC,Android,Fashion,Travel,Sports,0.40783859650104515,8.635648665463446
16,30,LATAM,iOS,Travel,DIY,Food,0.39319168509184554,8.107060461688414
17,20,EMEA,Android,Travel,DIY,Food,0.41206183085997755,15.482218134547827
18,35,NA,Web,Sports,Travel,DIY,0.49337933833437414,3.8385526333357016
19,27,APAC,Android,Sports,Music,Fashion,0.7740156261404934,16.591178826667445
20,26,NA,iOS,Travel,DIY,Food,0.9596824343206349,13.227943523985566
21,22,NA,iOS,Education,Comedy,Travel,0.7352299440989059,27.60773079056449
22,37,APAC,iOS,Food,Music,Travel,0.6377330167552806,10.530198125531111
23,26,APAC,iOS,Comedy,DIY,Travel,0.5588782464137078,4.084210466576263
24,24,NA,Web,Music,Sports,Food,0.8625555736300932,10.611593394287674
25,25,LATAM,iOS,Comedy,Food,Travel,0.8797257619568559,11.545234735367409
26,32,EMEA,iOS,Sports,Comedy,Music,0.43443013954625487,20.229948727881307
27,30,APAC,Android,Food,Education,Fashion,0.9627361989227441,4.0754911757691294
28,31,LATAM,iOS,Travel,Education,Music,0.5160922905651057,2.384122575141883
29,31,LATAM,iOS,Food,Education,Comedy,0.8400624553532223,10.767384322776014
30,45,EMEA,iOS,DIY,Comedy,Sports,0.9734559024657867,28.370064115563668
31,24,EMEA,Android,Fashion,Education,Comedy,0.7629264806844891,14.551299163090142
32,23,EMEA,Android,Music,Travel,Fashion,0.329240581160955,15.119353609333483
33,21,EMEA,iOS,Music,Education,Comedy,0.6689095641391447,2.9525101374771534
34,32,NA,Web,Food,Music,Comedy,0.29502169847646276,9.550632807686046
35,37,APAC,Android,Travel,Dance,Food,0.8313136318951411,20.47829616139908
36,27,APAC,Android,DIY,Food,Travel,0.4250521390991064,11.640279093609372
37,21,EMEA,iOS,Fashion,Travel,Comedy,0.7561718584480148,2.226550124880676
38,21,NA,iOS,Sports,Education,Travel,0.9280717393041591,9.41493774760584
39,33,NA,Android,Fashion,Sports,Music,0.3448078805361379,13.87610140533524
40,33,EMEA,iOS,Travel,Comedy,Education,0.5142862708809335,8.691377788371506
41,32,NA,Android,Fashion,DIY,Food,0.717695030458853,4.517063869877404
42,22,APAC,Android,Fashion,Food,Education,0.5357268742476009,16.389268159601368
43,29,LATAM,iOS,Sports,Fashion,DIY,0.33985515329977223,6.714711404913764
44,28,EMEA,Android,Comedy,Education,Travel,0.2232572913350376,12.412864322293107
45,29,APAC,Web,Fashion,Comedy,DIY,0.5252785149615704,9.235755481281036
46,34,LATAM,Android,Dance,Education,Food,0.7193672212655364,6.519995144085736
47,29,NA,iOS,DIY,Dance,Travel,0.659187366521991,30.400012176550653
48,33,EMEA,Android,DIY,Comedy,Dance,0.32499299180851393,5.963782529186879
49,28,EMEA,Android,Fashion,Travel,DIY,0.5605547550939094,9.799830948577567
50,30,LATAM,Android,Education,Fashion,Food,0.49557683694500226,9.214742993923188
51,33,EMEA,Android,Food,Fashion,DIY,0.41936192183471993,10.579237190875393
52,16,APAC,Android,Music,Education,Travel,0.7834169950883114,28.9802140590364
53,25,LATAM,iOS,Fashion,Travel,Food,0.4477216240217475,13.88814304012135
54,24,NA,iOS,Sports,DIY,Comedy,0.6321135618664233,6.471362036516269
55,22,LATAM,iOS,Music,Food,Dance,0.9385788282156933,23.403913187500983
56,25,LATAM,Android,Music,Food,Comedy,0.631420785802866,15.528864047312146
57,39,NA,Android,Dance,DIY,Comedy,0.6936183281284487,6.570229040266828
58,21,NA,Android,DIY,Comedy,Sports,0.25859678893404114,21.137583267269488
59,35,EMEA,iOS,Food,Music,Dance,0.34250731499338904,2.9219119852732645
60,14,NA,Android,Education,Fashion,DIY,0.2807609594384908,3.701054569856428
61,25,APAC,Web,DIY,Sports,Music,0.8118503586846721,2.0781862884943987
62,29,NA,iOS,Food,Music,Sports,0.8687368647334739,1.2268943042294609
63,32,NA,Android,Sports,Music,Comedy,0.34916423455566215,20.169909983161098
64,33,EMEA,Android,Dance,Sports,Comedy,0.37541740073847285,10.67344788596525
65,34,APAC,Android,Music,Food,Fashion,0.4585658315942263,2.2812022711493936
66,25,NA,iOS,Travel,Dance,Sports,0.6728620935630684,9.041254900986457
67,24,NA,Android,Fashion,Education,Food,0.6974369550400157,16.95437960595073
68,34,NA,Web,Comedy,DIY,Fashion,0.7494031668331662,5.147128437432222
69,26,LATAM,Android,Comedy,DIY,Education,0.92415420497077,7.305750081157405
70,17,LATAM,Web,Music,Sports,Food,0.43603211239723055,31.311899553574563
71,18,NA,Web,Sports,Fashion,Dance,0.7270071913654206,7.820222365237813
72,20,NA,iOS,Education,Sports,Comedy,0.6477782766221538,2.473833184152183
73,31,LATAM,Android,DIY,Music,Comedy,0.4446697923300537,6.165712514340381
74,29,APAC,Android,Travel,Comedy,Sports,0.9259321492749388,2.1250215685906304
75,33,EMEA,Web,Fashion,Education,Sports,0.27638672956737403,14.664931864016378
76,24,LATAM,iOS,Education,Food,Dance,0.7696008214656411,4.560763438252769
77,29,NA,iOS,Fashion,Comedy,Dance,0.7822989704180816,4.4386823755798
78,33,NA,Android,Dance,DIY,Food,0.9322612221519693,33.12695300454355
79,25,NA,iOS,Travel,DIY,Sports,0.6148644738810829,3.3443600592893103
80,31,EMEA,Android,Sports,Comedy,DIY,0.4572978705753967,2.8095801375080036
81,22,APAC,iOS,Food,Comedy,Sports,0.8621925358880165,3.874710182213619
82,25,APAC,Web,DIY,Travel,Education,0.8166482254659142,17.30872817701626
83,24,APAC,Android,DIY,Comedy,Travel,0.6002524915355762,13.38133459390793
84,18,APAC,iOS,Music,Fashion,Dance,0.8142859005070489,6.102321859833209
85,31,APAC,Android,Sports,Dance,Music,0.41430048166180866,5.665445994324107
86,24,NA,iOS,Travel,Education,Fashion,0.6716050643227743,12.684702960079523
87,28,NA,Android,Food,Sports,Education,0.8921467638303004,10.964351702192552
88,31,NA,Android,Dance,DIY,Music,0.45438760369321,8.207851977126992
89,31,EMEA,Android,Travel,Music,Fashion,0.5868399859445945,13.699772863358815
90,33,NA,iOS,Dance,Fashion,DIY,0.9608358833383115,3.6473546655942357
91,27,APAC,iOS,Music,DIY,Travel,0.8385694735773894,4.626935626519407
92,24,EMEA,Android,DIY,Comedy,Food,0.9096312162644422,14.193270459564339
93,27,LATAM,Android,Comedy,Travel,Dance,0.5081976487123572,11.6008234794447
94,14,NA,Android,Travel,Sports,Comedy,0.9972042077076471,9.510486428488058
95,16,NA,iOS,Comedy,Music,Travel,0.3220524837470504,32.38191569900862
96,17,NA,iOS,Comedy,Fashion,DIY,0.6150164665730472,15.789103199568268
97,20,APAC,Android,Travel,Sports,Comedy,0.5834187058369995,6.24921972570228
98,31,EMEA,iOS,Education,Fashion,Food,0.8387457526401076,4.975195914562837
99,20,EMEA,iOS,Education,Fashion,Food,0.9268942180120097,11.989953809524895
100,24,NA,Web,Travel,Comedy,Fashion,0.7849115015264478,20.128788668014323
101,38,LATAM,iOS,Food,Sports,Comedy,0.7014529889042422,1.8036737954897828
102,25,LATAM,Android,Education,Food,Fashion,0.541943352678803,11.389148295303498
103,33,EMEA,iOS,Dance,Sports,Music,0.6082607336605874,7.212538228242728
104,20,EMEA,Android,Education,Travel,Music,0.6074402505798575,10.671015043493895
105,26,NA,Android,Music,Education,Food,0.21629477894750215,2.6195866821485607
106,20,APAC,Android,Dance,Comedy,Fashion,0.6024366438621422,20.11929670684314
107,25,NA,iOS,Travel,Sports,Education,0.8847766401393,23.733056190869565
108,34,APAC,Android,Music,Comedy,Travel,0.7674192089137986,14.825624929096197
109,14,NA,Android,DIY,Travel,Sports,0.8365668977000038,26.86118929772959
110,31,NA,iOS,DIY,Music,Travel,0.5123879918148169,6.937886411079587
111,29,APAC,iOS,Travel,Comedy,Fashion,0.6231785895303665,11.199691991191493
112,23,NA,iOS,DIY,Fashion,Education,0.22678685519768038,14.975341950460297
113,16,LATAM,Web,Sports,Music,Food,0.5063983537354748,12.100885480064425
114,28,LATAM,Android,DIY,Education,Food,0.5795328359141152,7.641032588111395
115,23,NA,Android,DIY,Comedy,Dance,0.40416711967926533,8.274683445056496
116,29,EMEA,Android,Fashion,Education,Music,0.22499278319251986,22.352554547328864
117,28,APAC,Android,Music,Sports,Education,0.7523264870231616,9.161604743673411
118,40,APAC,Android,Education,Music,Travel,0.5480702006790745,19.376113123480796
119,26,NA,iOS,Fashion,Music,DIY,0.5325425544897874,8.814256844353656
120,19,LATAM,Android,Education,Dance,Comedy,0.3999894032228071,19.29985824768081
121,29,NA,iOS,Education,Sports,Travel,0.6302643191984136,9.891160131674933
122,29,NA,Android,Comedy,Food,Sports,0.5504214250165852,14.141358018680144
123,38,NA,Android,Travel,Comedy,Education,0.5791875784232727,5.495617444793613
124,34,APAC,iOS,Comedy,Education,Sports,0.6646970787491056,11.182501097657907
125,30,APAC,Android,Music,Fashion,Comedy,0.2050597177917883,5.561839084672346
126,39,EMEA,iOS,Education,Comedy,Travel,0.9261567228307381,6.806282642463457
127,18,LATAM,Web,Education,Dance,DIY,0.25686991755606503,7.240839404793771
128,22,LATAM,Web,Education,Travel,Food,0.5607397978527957,8.168757349090273
129,20,LATAM,Web,DIY,Comedy,Travel,0.36589830019150515,17.851489221280698
130,24,LATAM,iOS,Fashion,Comedy,Dance,0.6190258954959003,6.604094227043117
131,16,LATAM,iOS,Food,Comedy,DIY,0.42418408703771027,10.382623736878465
132,33,NA,iOS,Education,Music,Food,0.8880051984500832,19.340498274064213
133,26,NA,iOS,Food,Dance,Travel,0.5170878671699362,13.941274738469595
134,16,APAC,iOS,Fashion,Music,Dance,0.7110044446147499,1.8440029462319332
135,19,LATAM,iOS,Comedy,Food,Dance,0.3991037825183032,2.551057812050181
136,30,APAC,Web,Sports,Education,Comedy,0.215524920395214,12.258752549014144
137,34,NA,iOS,DIY,Food,Fashion,0.5233236284906209,6.34600980603918
138,43,EMEA,iOS,Sports,Music,DIY,0.6291891916466321,2.2169689867386273
139,51,NA,Android,Food,Comedy,Fashion,0.5676377210094002,5.986959582432601
140,31,NA,Android,Comedy,Food,DIY,0.9696114910550879,12.57929539321747
141,20,NA,Android,Music,DIY,Sports,0.7654713390768226,7.1793424288597
142,13,NA,Android,Fashion,Education,Travel,0.9965358405003162,9.677267003360829
143,30,APAC,Android,Sports,Fashion,Comedy,0.4360480722511776,7.679757440886256
144,21,NA,Android,Sports,Travel,Comedy,0.8312426236857173,5.337303374510604
145,24,EMEA,Android,Education,Food,Fashion,0.6444467740372911,11.029787787294087
146,23,LATAM,Android,Food,Comedy,Sports,0.6894082835587996,1.9865987632468238
147,26,LATAM,iOS,DIY,Travel,Sports,0.9886825603538623,4.798234693290185
148,36,LATAM,iOS,Sports,Education,Fashion,0.7231897598008936,15.749087484024265
149,29,NA,Android,Dance,Sports,Fashion,0.9190535138695344,2.630229836440961
150,26,APAC,iOS,DIY,Travel,Sports,0.7806001877753976,9.329045751501766
151,19,APAC,Android,Music,Dance,Fashion,0.3019088973798001,6.752324658177574
152,14,EMEA,iOS,Fashion,Sports,Comedy,0.7595389682578502,6.262581863734664
153,24,LATAM,iOS,Education,Comedy,DIY,0.5874524709483856,16.762328974947355
154,27,NA,iOS,Fashion,Travel,Sports,0.935038394385874,18.973870094859798
155,42,APAC,Android,Education,Comedy,DIY,0.8454675577523643,3.8662499001130035
156,29,NA,iOS,Music,Education,Travel,0.2833077500857802,8.21876493017031
157,35,NA,Android,Food,Education,Travel,0.30713251492284677,1.4679396223947958
158,24,NA,Android,DIY,Comedy,Food,0.2556888014388845,16.136296373612737
159,18,EMEA,iOS,Fashion,Music,Sports,0.5945958997956939,8.977790480532962
160,20,EMEA,Android,DIY,Dance,Music,0.26461740736588246,2.458776274018584
161,22,EMEA,iOS,Food,DIY,Music,0.7789426692597552,4.994282105731765
162,45,EMEA,iOS,Sports,Fashion,Travel,0.6418868651603462,3.567598741756539
163,21,NA,Android,Travel,DIY,Music,0.8687080140425139,4.75883138891146
164,34,APAC,Web,DIY,Dance,Food,0.42383663093705304,1.6288761334863897
165,20,LATAM,iOS,Comedy,Fashion,Music,0.6153126273289127,22.197953846325163
166,35,EMEA,Android,Dance,Travel,Sports,0.2939837487284355,3.9968591928884263
167,31,NA,iOS,Music,Education,Dance,0.9076880021202245,9.312856860137899
168,26,APAC,Android,Sports,Fashion,Comedy,0.34000396983187064,12.499885360985093
169,27,NA,Android,Dance,Sports,DIY,0.281889801080324,18.991629593689495
170,22,NA,Android,Dance,Food,Travel,0.3640404788185467,9.547946953108246
171,31,LATAM,Android,DIY,Travel,Comedy,0.8449851909783852,7.591261793014105
172,24,NA,iOS,Travel,Sports,Fashion,0.28465162214774625,9.840020240109675
173,18,NA,Android,Comedy,DIY,Food,0.6915419958705328,3.8470073185504647
174,17,EMEA,Android,Music,Education,Dance,0.7969450404921006,4.126068404069118
175,29,LATAM,Android,Dance,Sports,Food,0.800864928386297,7.458011674054397
176,40,APAC,iOS,Education,Music,Travel,0.35204870928650495,1.051611796669862
177,29,NA,iOS,Food,Dance,Music,0.2492991987020896,5.430413454300767
178,27,EMEA,iOS,Education,Dance,Travel,0.5590451070177741,6.433095972122023
179,30,LATAM,iOS,Comedy,Education,Dance,0.3619882761956369,29.46134020214011
180,38,EMEA,iOS,Travel,Education,DIY,0.7594166472111505,20.61191284235523
181,29,EMEA,iOS,Comedy,Dance,Music,0.48535423972433683,12.46852252359223
182,24,LATAM,Android,Travel,DIY,Fashion,0.5594831528265056,16.405959844203217
183,36,APAC,iOS,Fashion,Food,Music,0.29078794648136946,4.095762992538289
184,31,NA,Android,DIY,Food,Dance,0.6540402292385534,10.031189510678658
185,40,NA,Android,Travel,Food,Fashion,0.34841935170552585,15.074820016233888
186,29,EMEA,Android,Sports,Education,Music,0.7431885287319497,4.12823675916754
187,18,APAC,Android,Fashion,Sports,Dance,0.25693505803831496,2.5583603262125507
188,17,NA,Android,Dance,Travel,Sports,0.9807156738250586,11.57316126283898
189,41,LATAM,Android,Education,Music,Food,0.7476215828686494,2.84528509005297
190,41,APAC,Web,Travel,Sports,Food,0.345383654249541,13.262282185981743
191,26,EMEA,Android,Comedy,Dance,DIY,0.21127571636948464,18.779087499567634
192,24,APAC,Android,Education,Fashion,Dance,0.467570313764175,4.2434070632161305
193,39,LATAM,Android,Education,Fashion,Comedy,0.32225061124176596,4.529547661300163
194,19,EMEA,Android,Music,DIY,Travel,0.3747290664956368,18.41832093658124
195,20,NA,iOS,Education,Sports,Dance,0.8982002067503116,9.585317692569044
196,33,APAC,Android,Education,Music,Comedy,0.6825637280406796,16.82918497416741
197,24,LATAM,Android,DIY,Comedy,Dance,0.3411661224231196,7.667020962137757
198,27,EMEA,Web,Dance,Comedy,Education,0.6453275205499591,8.107086354144611
199,26,LATAM,Android,Fashion,Food,Sports,0.4046245227399946,9.405762292186328
200,30,EMEA,Android,Food,Travel,Music,0.9809606914864715,25.704250839896847
201,39,EMEA,Web,Fashion,Food,DIY,0.22620578421095622,15.966800512706747
202,28,LATAM,Android,Fashion,Music,Food,0.7858547377342522,5.285054592035248
203,33,APAC,iOS,Fashion,Sports,Food,0.8183976209531418,10.552683837004576
204,13,LATAM,iOS,Food,Travel,DIY,0.25373021116616024,7.266787963273044
205,27,EMEA,iOS,Sports,Music,Education,0.3374954913850813,6.262492761067831
206,21,NA,iOS,Food,Travel,Music,0.507445327283166,13.009975243496314
207,18,LATAM,iOS,Music,Fashion,Travel,0.8945238612232542,11.251002917991817
208,20,LATAM,Android,Music,Education,Food,0.6295999507347996,4.285817186547368
209,25,NA,Android,Education,Music,Dance,0.7242454800058324,9.422792932264596
210,35,NA,iOS,Education,Fashion,Dance,0.8264102683654742,6.111521916493032
211,17,EMEA,Android,Fashion,Sports,Music,0.862498230670016,12.452460107720578
212,28,EMEA,iOS,Comedy,DIY,Dance,0.5810276344669449,5.898764148440909
213,24,EMEA,Web,DIY,Dance,Comedy,0.6070345110187851,8.143933825372908
214,25,NA,iOS,Comedy,Fashion,Dance,0.7744046856702236,6.398313523638992
215,36,NA,Android,Travel,DIY,Dance,0.41067388698850116,1.9137671087186363
216,32,NA,iOS,Dance,Comedy,Travel,0.8835917890924196,24.891128054888867
217,38,EMEA,Android,Music,Comedy,Travel,0.21662945958067326,9.348022046479533
218,26,APAC,iOS,DIY,Fashion,Music,0.35661728176777974,25.446583995548423
219,22,NA,Android,Food,Travel,DIY,0.8401599544292027,9.655492485584766
220,26,EMEA,iOS,Dance,Education,Sports,0.4722065695141378,14.620577278270622
221,29,NA,Web,Food,Education,DIY,0.3198662661538448,5.573107066446246
222,29,NA,Android,Music,Sports,Comedy,0.3494038045691227,5.686034853975918
223,19,NA,Android,Travel,Fashion,Music,0.6246051215488557,8.974333287470609
224,28,NA,Android,Food,Music,Comedy,0.8769452234759902,25.30088463309109
225,29,EMEA,Web,Travel,Fashion,Comedy,0.2565205726168885,4.414856120315098
226,48,APAC,iOS,DIY,Food,Fashion,0.22438472729971953,1.461792442072739
227,43,NA,iOS,Dance,DIY,Sports,0.5721345086694745,18.13995199889248
228,21,LATAM,iOS,Comedy,Dance,Sports,0.9649499320429078,15.226937052170362
229,25,EMEA,iOS,Food,DIY,Travel,0.42320784273130113,6.6825460335612945
230,16,APAC,Android,DIY,Music,Dance,0.9673364312536388,31.659748931577273
231,23,EMEA,Web,Travel,Sports,DIY,0.9101449412720011,32.5291406922119
232,30,NA,Web,Music,Comedy,Fashion,0.42650806111000894,1.7770324017167216
233,37,EMEA,Android,Education,Travel,Food,0.8535584514049175,5.468328792878962
234,22,NA,Android,Travel,Sports,Dance,0.7486938420550551,8.927341821017722
235,22,APAC,Android,Comedy,DIY,Food,0.6094579111238058,12.220642562569298
236,13,LATAM,Web,Fashion,Music,Education,0.5383329144342999,10.986501568325515
237,26,EMEA,iOS,Dance,Music,Education,0.8524022047403654,9.322598616537062
238,19,NA,Android,Education,Sports,Comedy,0.834463546156017,3.8607151167035947
239,23,LATAM,Android,Dance,Fashion,Comedy,0.8055490687540474,13.28086322001083
240,20,APAC,iOS,Food,Dance,Comedy,0.9986047609722368,13.79555676511886
241,27,EMEA,iOS,Food,Music,Comedy,0.5828099687531072,17.30870287593317
242,13,LATAM,Web,Dance,Sports,Food,0.8455383822559328,3.3989970981886315
243,16,APAC,Web,Food,DIY,Fashion,0.8899826935867827,7.91192733714067
244,45,APAC,Web,Music,Dance,Fashion,0.36928206516294715,6.4322013772064635
245,17,NA,Android,Fashion,Food,Music,0.2336531536424488,3.3420442844116534
246,19,LATAM,iOS,Sports,Travel,Education,0.5237987217508637,7.818559589821751
247,42,LATAM,iOS,Education,Fashion,Dance,0.8853893475494208,4.031105578482242
248,51,EMEA,Android,Dance,Sports,Education,0.4312826249556082,2.8585836400312554
249,18,NA,Android,Dance,Fashion,Education,0.7600081232539393,15.358210923396276
250,25,NA,Android,Food,Travel,Sports,0.20587851125141016,6.654876368089911
251,30,APAC,Android,Sports,Comedy,Music,0.4842915458561902,5.256131205043256
252,41,APAC,iOS,Education,Comedy,Music,0.692413355806521,20.125160058556894
253,20,APAC,Android,Music,Sports,Comedy,0.3038057520578695,14.075310666342327
254,26,APAC,iOS,Dance,Comedy,Sports,0.9172855297179472,1.294204582689737
255,34,EMEA,iOS,Dance,Sports,Education,0.3250191816936634,12.275983718685461
256,31,EMEA,iOS,Dance,Fashion,Comedy,0.9278348360031958,12.235841465149825
257,24,EMEA,iOS,Food,Dance,Sports,0.37311144694637977,7.576110278426194
258,26,LATAM,Android,DIY,Food,Music,0.9954229391326728,7.361561004833677
259,17,LATAM,iOS,Music,Comedy,Dance,0.6837989706364727,2.149312775244626
260,26,NA,iOS,DIY,Fashion,Dance,0.26747591555064903,31.429856856980972
261,25,EMEA,Android,Fashion,Sports,Music,0.2522217875829279,7.7959198925810815
262,29,NA,Android,Fashion,Sports,Dance,0.25993735700757503,11.82071767201824
263,23,NA,iOS,Sports,Music,DIY,0.6719141978327615,8.121921562072728
264,31,EMEA,iOS,Comedy,Sports,DIY,0.8476633618619083,5.327409446738459
265,36,LATAM,iOS,Sports,Comedy,Dance,0.5223701934164047,16.152341818304702
266,29,NA,Android,Dance,Food,Travel,0.5558686074254895,10.326706977129568
267,30,APAC,iOS,Food,Comedy,Travel,0.6714301629317024,7.845384889207833
268,28,APAC,iOS,Sports,Food,Music,0.6264324838290847,11.73322677050541
269,28,NA,iOS,Fashion,Food,Music,0.7504493864810162,8.685870135467706
270,22,NA,Android,Dance,Comedy,Music,0.5774285761304212,26.55970948220446
271,30,NA,iOS,Travel,Comedy,DIY,0.7710885480512542,15.790377542024785
272,27,EMEA,Android,Food,Comedy,Dance,0.9978485940373074,13.072497353780934
273,44,APAC,iOS,Music,Travel,Sports,0.48023827379901196,2.413502244862647
274,40,NA,Android,Sports,DIY,Food,0.20977237033228066,13.383107617384837
275,31,EMEA,iOS,Music,Education,DIY,0.30050003644132384,13.15798104337068
276,21,NA,iOS,Food,Music,Education,0.6428113479895631,4.093380493762113
277,19,LATAM,iOS,Fashion,Dance,Travel,0.47540622971572166,2.359438715902675
278,37,APAC,Android,Music,Dance,DIY,0.9519860749639941,15.362206936958902
279,30,NA,Android,Education,Dance,Sports,0.7019568720859064,16.652414643456083
280,31,NA,iOS,Travel,Music,Education,0.6162841487723744,5.709650370861567
281,14,LATAM,iOS,Music,Education,Food,0.8384316010176149,5.50614713276229
282,35,EMEA,Web,Fashion,DIY,Travel,0.40687189683927616,10.20129307947007
283,31,APAC,Android,Fashion,Music,Dance,0.8557908322258878,6.638197288555742
284,19,APAC,iOS,Fashion,Music,Education,0.20244888389127436,2.3086249541501145
285,24,NA,iOS,Sports,Dance,Education,0.6957418897085741,4.05346742967485
286,30,NA,Android,Food,Music,Comedy,0.9478057208366233,11.524044641368409
287,28,EMEA,Android,DIY,Music,Comedy,0.8302879616270962,4.25219100983782
288,25,NA,Android,Travel,Music,Dance,0.8829073537178875,17.208709153401006
289,27,APAC,Web,Food,DIY,Travel,0.5175637561372004,13.013971717786731
290,25,EMEA,Android,Comedy,Dance,Music,0.8593911568801011,11.845467361604221
291,29,NA,iOS,Fashion,Comedy,Education,0.6406653320242133,10.050644020139854
292,39,APAC,Android,Dance,Education,Travel,0.6948321892025591,5.134402129368084
293,13,NA,iOS,Sports,Music,Education,0.2471322714686428,14.237773313266684
294,26,LATAM,iOS,DIY,Food,Dance,0.3612413577395137,5.0158086203965
295,29,EMEA,iOS,DIY,Food,Fashion,0.6407715324108421,17.843277931902602
296,30,LATAM,iOS,Education,Travel,Fashion,0.24704084625879813,23.94285752639832
297,25,EMEA,Android,Comedy,Dance,Sports,0.7931574452701706,10.283493816189226
298,13,EMEA,iOS,Comedy,Fashion,Travel,0.8720456068175213,21.938537535689456
299,30,APAC,iOS,Education,DIY,Dance,0.936289889035844,4.1020514682904485
300,41,APAC,Android,Travel,Sports,Fashion,0.28141476734384474,13.113317440288814
301,15,LATAM,Android,Music,Education,Comedy,0.95177619841824,9.153944105098677
302,34,NA,Android,Dance,Education,Music,0.254096006103436,15.538046835571775
303,25,EMEA,Android,DIY,Comedy,Sports,0.5792449727422523,1.379737290148838
304,27,APAC,Android,Travel,Sports,Music,0.8722008165022495,14.928720142598177
305,19,NA,iOS,Music,Comedy,Travel,0.2562489108515643,5.536287689194598
306,25,LATAM,Android,Sports,Travel,Music,0.2145848583911869,9.482346129410905
307,38,LATAM,Android,Comedy,Travel,Fashion,0.21995817496532055,31.089854165095602
308,32,NA,iOS,Travel,Sports,Fashion,0.6090161915488268,13.412296730436786
309,41,EMEA,iOS,Music,Dance,Food,0.8492773956773305,12.239638610472582
310,37,LATAM,iOS,Fashion,Education,Music,0.3019413368580797,11.565853794298437
311,31,EMEA,Android,Food,Education,Sports,0.29968820326363255,19.071956348323774
312,41,APAC,iOS,DIY,Travel,Sports,0.6548374840398333,15.892719628282618
313,31,APAC,iOS,Travel,Music,Comedy,0.38743648064953895,11.65454533014811
314,34,LATAM,Android,Comedy,Travel,Food,0.7841709881158991,10.677978344914138
315,25,NA,Web,Comedy,Dance,DIY,0.9597083105413999,10.186304266140416
316,28,EMEA,iOS,Comedy,Sports,Music,0.8128267252803305,8.79481047427004
317,22,APAC,Web,Food,Education,Music,0.9017402931031333,3.348078618025295
318,35,LATAM,iOS,Music,Comedy,Dance,0.6156688460573363,13.218809154645726
319,18,APAC,Web,Travel,Dance,Fashion,0.8658554433740266,5.982242220479407
320,34,NA,Web,DIY,Music,Education,0.3463225471893459,8.035489497841803
321,26,APAC,iOS,Sports,DIY,Food,0.25467831231650195,16.60791636759984
322,37,NA,Android,Fashion,Food,Sports,0.7247624880997487,8.945554920275423
323,34,NA,Web,Education,Travel,Dance,0.24156200300644476,8.448627189079327
324,42,LATAM,Web,DIY,Comedy,Fashion,0.9139851353117445,10.30540923664294
325,33,NA,Web,Fashion,Education,Music,0.753243317685935,7.290791088240897
326,15,NA,Android,DIY,Dance,Fashion,0.9617605803271296,30.667545239037942
327,27,NA,iOS,Comedy,Education,Music,0.45110932505058854,28.028308386973762
328,18,LATAM,Android,DIY,Education,Fashion,0.5889266473612966,27.564792580838105
329,23,EMEA,Android,Dance,Sports,Fashion,0.7933522920360951,11.592401402019812
330,40,NA,Android,Sports,Comedy,DIY,0.39422318836865644,5.68642571683431
331,33,EMEA,iOS,Education,Dance,Music,0.6334790560893335,16.903518488066688
332,22,APAC,Android,Food,DIY,Fashion,0.7275738200043824,7.333168850392527
333,19,NA,iOS,Music,Dance,Comedy,0.9830469235576331,17.887427815389323
334,28,NA,Android,Travel,Food,Dance,0.7957626353939078,5.477396032418972
335,18,APAC,iOS,Travel,Education,Music,0.2945046802232592,12.17210329578813
336,22,APAC,Android,Education,Dance,Travel,0.5802667611066483,19.554753688542988
337,30,LATAM,Android,Education,Dance,DIY,0.6710166263916577,7.643081802118047
338,37,APAC,Android,Fashion,Travel,Education,0.3172985142914822,7.622551680237267
339,32,NA,Android,Education,Dance,DIY,0.5455728455848627,2.5978773865125353
340,13,LATAM,iOS,Travel,Comedy,Dance,0.4272046530686584,5.612626451701132
341,30,EMEA,Web,Travel,Dance,Sports,0.2950620338096208,11.436831976469602
342,28,NA,Android,DIY,Comedy,Music,0.6096335467707636,12.651956550630937
343,31,EMEA,iOS,Sports,Travel,Education,0.33250646480987633,13.926423329018018
344,40,LATAM,iOS,Food,DIY,Sports,0.6724299268685787,1.7271143262263395
345,13,EMEA,iOS,Food,Fashion,Education,0.3357575457934924,7.3595352072412314
346,23,LATAM,Android,Sports,Dance,Travel,0.7788759388822568,2.8975332240005462
347,32,LATAM,Web,Sports,Food,Music,0.35619329842373637,11.042197497948617
348,15,NA,Android,Food,Music,DIY,0.9170280806209197,2.152399269366491
349,39,NA,iOS,Music,Dance,Travel,0.22096748523904708,3.7094190978542145
350,30,EMEA,Android,Music,Travel,Education,0.6175979096365888,15.713144388559087
351,34,NA,iOS,Comedy,Education,Food,0.45608381270923753,6.134721567810283
352,23,NA,Android,Food,Sports,Travel,0.3800612206196727,22.05844391278539
353,34,NA,iOS,Fashion,DIY,Food,0.5772822233321184,14.172510883497786
354,36,NA,Android,DIY,Dance,Comedy,0.8736156290594086,7.675113766756932
355,29,APAC,Web,Dance,Fashion,DIY,0.9322217644213191,17.370534144172144
356,29,LATAM,iOS,DIY,Music,Dance,0.4425988945182766,8.167207519908718
357,30,APAC,Android,Fashion,Dance,Food,0.323394897676057,15.124369219758458
358,21,NA,Web,Music,Sports,Travel,0.7761123580530458,5.394341504795185
359,26,EMEA,iOS,Travel,Dance,Music,0.6655989803647906,18.034482285570142
360,26,LATAM,iOS,Dance,Music,Education,0.3608129189420479,2.35844357289004
361,31,LATAM,Android,DIY,Music,Sports,0.8082366304699493,3.7046215756189445
362,35,APAC,iOS,Education,Comedy,Music,0.6151443481937129,4.277906644735106
363,19,APAC,iOS,DIY,Fashion,Travel,0.7227161596059262,5.858846254050208
364,26,APAC,Android,Food,Fashion,Music,0.487471227170711,11.719863626835975
365,39,NA,Android,Food,Fashion,DIY,0.5512780490419008,9.29398890712701
366,22,NA,iOS,Dance,Education,Travel,0.34427367869995373,15.240096784252719
367,21,EMEA,iOS,Sports,Dance,Comedy,0.8052126941162727,19.73138941460369
368,29,NA,Android,Music,Food,Education,0.32560905932143347,2.1089703634647625
369,34,EMEA,Android,Dance,Fashion,Food,0.822642075800849,21.280543628052094
370,28,EMEA,Android,Comedy,Food,Sports,0.8384062839076689,8.03469667522762
371,38,EMEA,iOS,Food,Travel,Education,0.7972807712440975,27.226869036641634
372,34,APAC,Web,Dance,Education,Food,0.21553823044699236,5.203205606314102
373,34,EMEA,Android,Comedy,Education,Dance,0.41850657008533887,1.5290477097268869
374,32,NA,iOS,Travel,Sports,Dance,0.574670194233451,14.279709043984056
375,46,NA,Android,DIY,Fashion,Sports,0.6764355029734366,13.688720006559144
376,26,EMEA,Android,Fashion,Comedy,Sports,0.9353776794952402,3.791578461727676
377,13,LATAM,iOS,DIY,Education,Sports,0.5004847777029618,4.130624683329757
378,40,NA,iOS,Education,Music,Fashion,0.9000186550191633,16.00068834346502
379,24,LATAM,Android,Education,Food,Travel,0.33074343050946925,12.110306232936004
380,28,EMEA,iOS,Travel,Sports,Music,0.4970243900069016,7.447050538224977
381,38,APAC,iOS,DIY,Fashion,Travel,0.2418256086570584,12.957474878799985
382,15,EMEA,iOS,Education,DIY,Travel,0.7939914328444979,11.295634468754836
383,17,LATAM,iOS,Education,Sports,DIY,0.3205222059463304,4.513233965556001
384,15,NA,iOS,Travel,Fashion,Dance,0.4056160125187662,16.79543573554544
385,21,LATAM,Android,Dance,Comedy,Education,0.8201866017545718,14.704918627620064
386,31,NA,iOS,Fashion,Sports,Music,0.627773373938168,9.446539796117738
387,32,EMEA,iOS,Education,DIY,Food,0.21117817553477006,16.007611451859262
388,30,EMEA,Android,Education,Travel,Food,0.20178816379791772,29.38796526702445
389,16,NA,iOS,Fashion,Travel,Music,0.6085285053919176,4.088562056004232
390,13,NA,Android,Comedy,Dance,Fashion,0.4439644109993559,7.700477166922709
391,28,NA,iOS,Travel,Fashion,Music,0.3442491567961417,7.986829806373238
392,24,APAC,iOS,Sports,Music,Fashion,0.6908751501728887,15.776486983377033
393,31,EMEA,iOS,Fashion,Sports,Dance,0.3827491773739417,5.80180912117224
394,33,NA,Android,Travel,Dance,Food,0.6737657197479583,15.197291349309905
395,29,APAC,iOS,Travel,Music,Fashion,0.5034127604690184,6.354214584215528
396,34,LATAM,Android,Music,Dance,Travel,0.3493969741358318,3.6894231567131475
397,29,LATAM,iOS,Dance,Sports,Food,0.31048379029499895,9.849207771968736
398,32,APAC,Android,Sports,DIY,Education,0.3894884825018305,6.246829441548078
399,22,NA,Android,Dance,DIY,Food,0.22386568641038807,10.551742831684862
400,26,NA,iOS,Education,Food,Fashion,0.44650156962901477,12.360671201500459
401,29,EMEA,Android,Music,Food,Education,0.9215637521454354,2.267907765606371
402,34,NA,iOS,Fashion,Travel,Comedy,0.8650897007064227,6.81823815446688
403,24,EMEA,iOS,Food,Music,Comedy,0.49760300537572716,9.8549800098573
404,32,NA,iOS,DIY,Dance,Sports,0.660666894865443,16.05276679790192
405,25,NA,Android,DIY,Travel,Dance,0.6538884472112467,14.777077058889777
406,27,NA,Web,Food,Education,Fashion,0.8629900313549699,4.83876380158858
407,34,LATAM,iOS,Fashion,DIY,Comedy,0.3890320812135725,8.280061005326672
408,13,NA,Android,Sports,Music,Education,0.4371099910344099,12.801093747347537
409,17,NA,Android,Food,Dance,Music,0.44142834699648925,7.862794517179631
410,16,APAC,iOS,Comedy,Travel,Dance,0.23269599181733946,5.232452748863596
411,13,NA,Android,Travel,Fashion,Sports,0.45175029063135375,9.039644468805676
412,22,LATAM,Android,Dance,Comedy,Travel,0.9023310212704057,11.991835476172156
413,33,NA,Web,Food,Sports,Music,0.9295901180571848,4.460181969669698
414,25,LATAM,Web,Fashion,Sports,Food,0.28770827661484033,13.747226920355345
415,29,NA,iOS,Comedy,Education,Music,0.5664468332947452,10.268563868921643
416,36,EMEA,iOS,Dance,Comedy,Education,0.5050791212701113,14.082524268358457
417,38,NA,Android,DIY,Fashion,Dance,0.5914873572987103,8.895233964036827
418,27,APAC,iOS,Travel,Education,Comedy,0.6437756192469417,26.62533693155534
419,38,APAC,iOS,Comedy,Music,Education,0.21620700801419687,11.83389677574121
420,28,NA,Web,Sports,Travel,Comedy,0.8737937983369286,15.153449339285043
421,21,NA,iOS,Sports,Dance,Fashion,0.9789312585386709,13.709994387147336
422,23,NA,Android,DIY,Dance,Education,0.7227238496029138,8.201117391060823
423,16,EMEA,Android,Sports,Fashion,Music,0.7283617907946953,11.118845800524145
424,20,NA,iOS,Education,Food,Music,0.6223838862645668,5.909453879864211
425,25,APAC,Android,Fashion,Travel,Dance,0.4674187293715054,25.41398625389745
426,34,EMEA,Web,Dance,Sports,Education,0.3191822593436169,12.735580888540918
427,41,APAC,Android,DIY,Food,Travel,0.6672506741568405,4.985136864601713
428,16,LATAM,iOS,Dance,Fashion,Sports,0.23595312280736566,21.81949149992319
429,31,APAC,iOS,Dance,Travel,Food,0.8596020541534992,8.509482374523907
430,19,NA,Web,DIY,Food,Travel,0.5367293595764924,16.57295140954768
431,31,LATAM,iOS,DIY,Fashion,Travel,0.5318033793295799,2.2079491770561264
432,26,NA,Android,Travel,Education,Comedy,0.46173668678072466,19.31864559050278
433,13,APAC,iOS,Sports,Dance,Travel,0.9754831109588691,12.384369468661447
434,35,EMEA,iOS,Education,Fashion,Dance,0.3399335622165751,4.665820773998448
435,23,APAC,Web,DIY,Fashion,Education,0.32104625718016894,12.238575282905176
436,23,NA,Android,Music,Sports,Food,0.33242520123602415,23.814707558771637
437,19,APAC,Web,Fashion,Sports,Comedy,0.7268219862806113,6.047363435265555
438,22,LATAM,iOS,Comedy,Travel,Sports,0.9935162549836787,5.984731526495821
439,31,LATAM,Android,DIY,Food,Comedy,0.3883801363214038,8.110791696573687
440,26,APAC,Android,Music,Travel,Fashion,0.9244939176539904,9.789887831721847
441,30,LATAM,iOS,Education,Music,DIY,0.42289324736653794,17.285157153076625
442,30,LATAM,iOS,Comedy,Fashion,Food,0.7183199361002401,12.851281537534604
443,38,EMEA,Android,Travel,Music,Fashion,0.23239916154669418,8.105671091594115
444,25,NA,iOS,Dance,Comedy,Sports,0.5965231796609511,11.448787061287582
445,16,NA,Android,DIY,Dance,Fashion,0.7236559730231855,26.29021474939776
446,36,NA,Web,Travel,Dance,DIY,0.6290558217781028,14.358275297483871
447,25,NA,iOS,Sports,Dance,Education,0.39026830790543293,8.74526104222639
448,36,APAC,iOS,Music,Travel,Comedy,0.8627975586143324,7.933110746240218
449,31,EMEA,iOS,Food,Fashion,Education,0.9761092089905923,10.990207392186056
450,26,LATAM,iOS,Education,Music,Food,0.5673568765536523,17.147968824019905
451,30,LATAM,iOS,Education,Travel,DIY,0.7087354121514029,5.401492851416862
452,43,LATAM,Android,Comedy,Sports,Fashion,0.8323306146764582,15.652944141570428
453,44,EMEA,iOS,Travel,Comedy,Fashion,0.3931912484974352,8.619931648626842
454,28,APAC,Android,Travel,Sports,Fashion,0.8915603055430283,9.550691459444074
455,29,APAC,iOS,Fashion,DIY,Comedy,0.42416072424799806,39.56896434989276
456,36,LATAM,iOS,Food,Travel,Education,0.8206646428121911,14.630897301805504
457,21,NA,iOS,Music,Sports,Education,0.2896793859411377,6.397262180006045
458,30,LATAM,Android,Sports,Comedy,Fashion,0.4307093627313358,12.36025964229329
459,27,EMEA,Android,Dance,Food,DIY,0.6268959471518942,17.705294260842862
460,30,LATAM,iOS,Dance,Food,Fashion,0.6199376765634521,14.736471885951
461,21,EMEA,Android,DIY,Education,Sports,0.880344947589093,1.2604099280195982
462,15,EMEA,Android,Sports,Food,Travel,0.9969018061108859,9.274376546909995
463,13,NA,iOS,Travel,Education,Food,0.2857686766881125,12.724802441406617
464,19,NA,Web,Education,Food,Music,0.41711050626002966,12.046375286081242
465,24,LATAM,iOS,Travel,Comedy,Food,0.4860785681784607,6.794055427342341
466,25,NA,iOS,Fashion,Travel,DIY,0.583134726248004,14.902345925077036
467,43,NA,Android,Dance,Education,Music,0.5951277945235193,19.371782907570733
468,36,EMEA,iOS,Comedy,Food,Music,0.8849560505187333,2.338260265867194
469,20,LATAM,iOS,Food,Comedy,Sports,0.8164474422280799,2.1326254770720308
470,30,NA,Android,Fashion,Dance,DIY,0.21508126323036267,12.287088229121315
471,24,EMEA,iOS,DIY,Comedy,Fashion,0.5640174084665504,15.712292904543645
472,25,EMEA,Android,Travel,Comedy,Sports,0.6944590705952711,6.067165932411571
473,29,NA,Web,Education,Dance,DIY,0.5683164696744187,1.3451460725349218
474,32,APAC,Android,Fashion,Sports,Food,0.30451620482056185,9.383873261876575
475,25,APAC,Android,Music,Food,DIY,0.5179792669525185,12.16817326028182
476,36,EMEA,Android,Sports,Music,Dance,0.5293245561037889,7.641481064422631
477,18,EMEA,Web,Fashion,Education,Travel,0.350172737959807,17.988331476503777
478,28,NA,iOS,Travel,Education,DIY,0.8050456915767628,11.675372366612562
479,48,APAC,iOS,Food,Music,Comedy,0.45712054411398145,5.575621554006983
480,29,LATAM,Android,Dance,Food,DIY,0.671189832454893,6.031011453147421
481,39,APAC,Android,Fashion,Dance,Travel,0.6125841447670141,9.527687934756733
482,28,EMEA,iOS,Fashion,Food,Comedy,0.901941663373111,7.2663647152682485
483,32,NA,Android,Food,Dance,Music,0.2976119454902706,2.0005730589995587
484,27,NA,iOS,Dance,DIY,Food,0.2914104066027681,11.006138465705803
485,26,EMEA,Web,Travel,DIY,Fashion,0.44025573529841266,6.153189685369229
486,21,EMEA,iOS,Food,Dance,Fashion,0.544971974500668,6.972153326293866
487,31,NA,iOS,Food,Fashion,Education,0.43883379900171166,4.057865910230534
488,21,EMEA,iOS,Dance,Music,Education,0.810549665916195,24.20604745722307
489,33,APAC,iOS,Fashion,Comedy,Dance,0.39621267448743974,14.068081540921087
490,36,LATAM,iOS,Dance,Travel,DIY,0.2678197942177958,27.979881817569346
491,30,LATAM,iOS,Food,Music,DIY,0.5310398479073181,7.613522771239479
492,25,NA,iOS,Comedy,DIY,Food,0.8187034305107872,14.596929854049845
493,31,EMEA,iOS,Food,Dance,Comedy,0.8804495548693931,11.137619973713054
494,25,NA,iOS,DIY,Comedy,Sports,0.7866758786906807,5.746713063887102
495,35,APAC,iOS,DIY,Education,Dance,0.6463093427997952,7.556590360247236
496,13,LATAM,iOS,Sports,Comedy,Dance,0.7793533613993413,14.050926807279719
497,25,EMEA,iOS,Sports,Dance,Comedy,0.7451116282430892,4.0529690938734895
498,13,NA,iOS,Music,Travel,Education,0.3874933059960487,18.102639883285494
499,16,NA,iOS,Travel,Comedy,Sports,0.6406071137625551,10.51931402594402
500,38,EMEA,iOS,Fashion,Music,DIY,0.8164874661107457,16.599043442475814
501,35,LATAM,Android,DIY,Education,Fashion,0.4536965295001106,12.200557935602765
502,22,LATAM,Web,Fashion,Sports,Food,0.7231785173735452,2.3560083662305207
503,15,APAC,Web,DIY,Sports,Education,0.5851843420150389,9.279395221622593
504,13,APAC,Android,Dance,Food,DIY,0.602527080756016,18.35411338722532
505,23,APAC,Android,Comedy,Food,Sports,0.2720440302257278,10.412880775707618
506,47,NA,iOS,Music,Education,Travel,0.732973732244304,9.44823074157447
507,31,EMEA,Android,Fashion,Music,Sports,0.8925496282836161,10.40587609638014
508,23,APAC,Android,Fashion,DIY,Comedy,0.31314503042069025,1.8464866682329024
509,31,LATAM,Android,Dance,Travel,Music,0.4928845297731595,19.57027596355326
510,15,NA,Android,DIY,Travel,Education,0.23893396387266802,0.9915148602147389
511,25,APAC,iOS,Sports,DIY,Fashion,0.2237055087811129,22.177962505282267
512,28,LATAM,Android,Travel,Education,Dance,0.9917267973373951,7.2203175124030015
513,27,EMEA,Android,Dance,Sports,Food,0.5947772066451078,12.776244579779991
514,34,APAC,iOS,Sports,Education,Comedy,0.4844152149081971,1.6860786837986372
515,30,EMEA,Web,Sports,Education,Travel,0.41990166130001516,15.602026249489835
516,33,LATAM,iOS,Comedy,Food,Education,0.9840101159559673,13.914002082623874
517,22,LATAM,Web,Dance,Fashion,Music,0.401800628417347,13.361588982966277
518,35,LATAM,Android,Food,Comedy,Education,0.7805667165901946,1.606535303805921
519,41,NA,iOS,Food,Dance,Comedy,0.42700647664474706,5.154247622592608
520,20,EMEA,Android,Comedy,Sports,Travel,0.2563916042855353,12.24382260047387
521,20,APAC,iOS,Education,Dance,Food,0.7466212916143531,19.23344835856337
522,38,NA,Android,Travel,Music,Education,0.2013046781038919,4.552244102274856
523,26,NA,Android,Travel,Fashion,Education,0.7405988092484557,4.6569677100496385
524,39,APAC,Android,Music,Travel,Food,0.40030127919185854,11.708686123437182
525,24,NA,Android,DIY,Sports,Comedy,0.7968833856572011,37.395616059869326
526,39,LATAM,iOS,Dance,Comedy,Education,0.8158001338805196,5.826690044786531
527,29,LATAM,iOS,Education,Comedy,Food,0.7792857910540303,7.155422969202369
528,30,EMEA,iOS,Food,Travel,Sports,0.21958675317408832,6.385502125363285
529,40,NA,iOS,DIY,Fashion,Travel,0.7629892957150148,8.634364065252168
530,25,EMEA,iOS,Comedy,Travel,Fashion,0.9921164912446105,20.208321030091412
531,20,LATAM,iOS,Comedy,DIY,Dance,0.39410029482049835,8.966966463562585
532,24,EMEA,iOS,DIY,Fashion,Sports,0.41939085778027085,39.631457064238795
533,31,NA,iOS,DIY,Education,Comedy,0.8508212396644317,10.153893864067118
534,15,LATAM,Android,Food,Sports,Education,0.32831744404486446,21.452323344251468
535,33,LATAM,iOS,Music,DIY,Fashion,0.7284669404036412,7.558241454963575
536,23,NA,Android,Education,Food,Travel,0.8040211020004628,3.3569849693848024
537,37,NA,iOS,Travel,Music,Fashion,0.22972852945548575,8.956402106385104
538,13,NA,iOS,Education,Comedy,Music,0.643009675412181,13.494546378066548
539,21,NA,Android,DIY,Fashion,Food,0.6607018068287063,5.191247567312396
540,14,NA,iOS,DIY,Food,Dance,0.4427543179134354,19.338783292443736
541,21,APAC,iOS,Sports,Music,Education,0.9010757355180139,6.6249388348108
542,29,LATAM,Android,Sports,Comedy,Food,0.3301997754398851,4.05926880800191
543,26,APAC,iOS,Food,Music,Sports,0.49135576760468846,35.057868157215054
544,25,APAC,iOS,Music,Travel,Dance,0.8789349497178636,4.974287173053495
545,26,NA,Android,Travel,Education,Dance,0.35251420528479405,6.476669731005767
546,29,EMEA,iOS,Sports,Travel,DIY,0.8570993090621399,14.988104478595996
547,19,APAC,Android,DIY,Education,Dance,0.2632553418943646,7.366467901335961
548,33,EMEA,iOS,Fashion,DIY,Dance,0.5913832537519921,4.185098340101052
549,33,LATAM,Web,Sports,DIY,Comedy,0.26026452995656274,5.994616332033539
550,31,LATAM,Android,Music,DIY,Comedy,0.7423228680492115,29.144710876622444
551,32,NA,Web,Food,Education,Comedy,0.8324811912444803,13.81501571811321
552,30,LATAM,Android,Food,Fashion,Education,0.8798868385974423,15.653470917946706
553,44,APAC,iOS,Education,Comedy,Music,0.985009800595191,11.321774678057889
554,27,APAC,Android,Dance,Education,DIY,0.7376125778396696,12.660452824150939
555,25,NA,iOS,Dance,DIY,Comedy,0.8152495310720163,6.955719482720565
556,21,EMEA,Android,Travel,Comedy,Dance,0.6046066226570634,10.368388625495514
557,19,NA,Android,Comedy,Education,Travel,0.9301895209449009,1.4598587047378033
558,18,APAC,iOS,Fashion,Dance,Comedy,0.7150067057595701,17.60294941541504
559,20,NA,Web,Fashion,Dance,Music,0.9068411250010748,6.907890286321562
560,27,APAC,iOS,DIY,Sports,Dance,0.3883616136111047,3.6208221679423005
561,30,APAC,Android,Education,Fashion,Food,0.5973902245744515,10.784773177817355
562,28,NA,Android,Music,Comedy,Travel,0.7838551368510431,8.188609967918715
563,21,NA,iOS,Dance,Sports,DIY,0.3621774036501466,17.19973567510973
564,35,APAC,Android,Dance,Travel,Education,0.36907183460958265,9.098581511536521
565,33,NA,Android,Dance,Travel,Fashion,0.9824341923245099,5.893558021740785
566,26,LATAM,iOS,DIY,Music,Sports,0.5476882885897649,9.256414441668262
567,22,APAC,Android,Comedy,Music,Sports,0.3454523623390173,23.01959542263344
568,32,EMEA,iOS,Music,DIY,Food,0.4651711055852048,17.56983439941313
569,29,LATAM,Android,DIY,Music,Travel,0.5179009186127406,13.791186989441853
570,16,LATAM,iOS,Education,Fashion,Music,0.6984682059761769,18.063338748689908
571,27,NA,Web,Dance,Travel,Education,0.938411727238202,14.50192150555207
572,30,APAC,Android,Dance,Education,Fashion,0.9892720607376728,4.684402379959468
573,20,NA,iOS,Food,Sports,Dance,0.72135900712889,15.736401567101208
574,29,NA,iOS,Food,Comedy,Fashion,0.7599378886381798,19.452902487980094
575,16,NA,Android,Education,Music,Sports,0.45746333575727127,20.155640819323686
576,38,APAC,Android,Travel,Comedy,DIY,0.8857268763589994,3.890429267197421
577,37,NA,iOS,Music,Education,Travel,0.37423866817625195,6.491156273615845
578,25,APAC,iOS,Travel,Music,Fashion,0.2851045194487741,5.767879416107363
579,30,EMEA,iOS,Fashion,Education,Music,0.9786047920781207,7.50404439729281
580,13,APAC,Web,Food,Education,Sports,0.8913109414564258,12.847862827096181
581,18,APAC,Android,Food,Comedy,Travel,0.4429161076305067,10.59715113503965
582,25,APAC,Android,Education,Sports,Fashion,0.7401365731048395,10.599315417430258
583,19,APAC,Android,DIY,Education,Music,0.5736146859305596,3.037654807602055
584,33,NA,Web,Dance,Travel,Fashion,0.45850256491637675,6.306222097036198
585,43,EMEA,iOS,Travel,DIY,Fashion,0.42941936860823593,21.106796040027398
586,18,LATAM,iOS,Sports,DIY,Fashion,0.3088219561767252,19.399256636327884
587,21,LATAM,Web,Travel,DIY,Comedy,0.6394544658206713,8.98941482249054
588,29,APAC,Web,Travel,DIY,Education,0.5572773520940062,15.764454580622765
589,40,APAC,iOS,Comedy,Sports,Education,0.6097491362399554,12.080902493571958
590,18,EMEA,iOS,Dance,Education,DIY,0.3722857339835236,16.901823088211295
591,29,LATAM,Android,Sports,Fashion,Travel,0.9508885366185982,16.216254872430266
592,42,LATAM,iOS,DIY,Fashion,Education,0.7108729570644332,9.509824164912605
593,14,LATAM,iOS,DIY,Travel,Comedy,0.9196805259066696,13.847642477621116
594,17,LATAM,Android,Dance,Food,Fashion,0.2874169328262044,12.62119569636706
595,24,LATAM,iOS,Comedy,Dance,Sports,0.6982807726849398,9.688868824636215
596,23,NA,Android,Comedy,Sports,DIY,0.879569454915329,8.268978763236088
597,34,NA,iOS,Travel,Sports,DIY,0.4647366238515733,26.67738371400578
598,29,EMEA,iOS,Food,Fashion,Comedy,0.3561145353087891,9.697375357774842
599,13,LATAM,Android,Education,Food,Music,0.41201704464449573,15.13467280447605
600,32,APAC,iOS,Education,DIY,Travel,0.4183469813998392,25.41016081839381
601,23,EMEA,Android,Music,DIY,Food,0.5577591719388282,13.832405810353858
602,38,NA,iOS,Sports,Food,Education,0.4607708822234653,13.425014061252531
603,22,NA,Web,Dance,Comedy,Sports,0.41701925816639307,9.737039578863333
604,22,NA,Android,Comedy,Travel,Dance,0.7188098387241104,12.773450038601293
605,32,APAC,Android,Food,Sports,Education,0.24242589733750758,7.772839879903022
606,34,NA,iOS,Music,Sports,Food,0.472291022511784,42.794252025545546
607,31,LATAM,iOS,Travel,Food,Comedy,0.7518015727523799,3.1024934838431912
608,14,APAC,iOS,Food,Music,DIY,0.34067979942480475,8.645370601012928
609,32,APAC,Android,Dance,Music,Food,0.3767422897703299,13.983008400814729
610,19,NA,iOS,Fashion,Sports,Music,0.360533300330334,13.43299672613549
611,29,NA,iOS,Food,Comedy,DIY,0.20074088538512394,7.7630119058300515
612,16,NA,iOS,DIY,Fashion,Dance,0.5790142014652582,2.15506770173387
613,31,NA,iOS,Comedy,DIY,Dance,0.23116703153289855,3.5768696933044226
614,21,NA,iOS,Music,Sports,Fashion,0.4183518494199201,11.111760438984879
615,17,EMEA,iOS,Food,Travel,Comedy,0.9958427396735774,1.5627655228540722
616,33,APAC,iOS,Dance,Food,Fashion,0.9347169691122399,14.636588516114566
617,29,LATAM,Android,Sports,Travel,Dance,0.3720606465250674,20.447608439132473
618,23,EMEA,iOS,Music,Travel,Dance,0.4480019455311462,16.36115968775645
619,39,NA,iOS,Fashion,Comedy,DIY,0.5709636658148411,18.488790302144306
620,24,APAC,Android,Education,DIY,Comedy,0.8755308373273949,1.629035804861457
621,28,EMEA,Android,Music,Food,Travel,0.8421167531144729,7.990870171737942
622,30,APAC,iOS,Dance,Travel,Comedy,0.3009931492530258,4.38790770922135
623,23,APAC,Android,DIY,Music,Travel,0.2995590786786817,2.523586338232015
624,31,NA,Web,Food,Fashion,Sports,0.5333858031152358,6.807474009983969
625,23,NA,Android,Comedy,Travel,Dance,0.8960763116910178,25.01845665756823
626,24,NA,Web,Comedy,Travel,Sports,0.9056679992764018,29.371027340715145
627,38,LATAM,Android,Sports,DIY,Dance,0.28589267974922417,4.8737718884266705
628,19,APAC,iOS,DIY,Dance,Fashion,0.6594378303724413,10.18483719004976
629,13,LATAM,iOS,Travel,Sports,Food,0.32454015770009037,12.652536231735345
630,40,EMEA,Android,Food,Travel,Dance,0.7489034480022263,8.033399847409212
631,48,LATAM,Web,DIY,Education,Food,0.9331465983431253,21.382946652758584
632,24,NA,Android,Comedy,DIY,Sports,0.5638154339804748,6.88667310262044
633,13,NA,iOS,Comedy,Sports,DIY,0.2664662197536412,6.038473177738954
634,25,EMEA,Android,Sports,DIY,Travel,0.6634033567156364,5.088465081114887
635,25,EMEA,iOS,Comedy,Food,DIY,0.5268133361086837,7.991935205492195
636,26,LATAM,Android,Sports,Dance,Food,0.8487190018671682,0.576284620249998
637,19,NA,Android,Food,DIY,Comedy,0.4722755711411102,8.273906301058716
638,32,EMEA,Android,Education,Travel,Comedy,0.8999177603780715,10.62490588691729
639,32,NA,Android,Music,Travel,Fashion,0.4189603261078279,11.093833846079225
640,16,APAC,Android,Education,Music,Comedy,0.32601410871094877,4.166636154168795
641,33,NA,Android,Dance,Music,Travel,0.44518430185486396,10.947879493598442
642,44,NA,Android,Music,Dance,Sports,0.22793263345819723,10.791155607635206
643,29,LATAM,Android,Sports,Travel,Music,0.4249967734993931,10.95718222222273
644,25,LATAM,Android,Food,Sports,Travel,0.7280941071056246,16.567594546817702
645,26,LATAM,iOS,DIY,Education,Fashion,0.31382638284527387,4.0195873860455125
646,32,LATAM,Android,Music,Travel,Comedy,0.2890919782292704,8.104111088633058
647,14,APAC,iOS,Music,Travel,Comedy,0.30590823300348036,2.012995069041028
648,29,LATAM,Android,Fashion,Music,Dance,0.2620413394091731,15.579361229596522
649,24,LATAM,Android,DIY,Dance,Comedy,0.8997083294743518,4.5724283139226545
650,42,LATAM,iOS,Travel,Comedy,Music,0.9552920923972226,18.242374064973927
651,26,NA,iOS,DIY,Food,Sports,0.23724892138302903,18.65702995248953
652,41,EMEA,iOS,Education,DIY,Food,0.8080574252348323,8.693846853058302
653,19,NA,Android,DIY,Fashion,Education,0.7897213973737582,8.366516159463048
654,32,EMEA,iOS,Food,Sports,Comedy,0.9975275396880323,2.8570543598407108
655,30,NA,iOS,Sports,Comedy,Travel,0.4782965293768546,9.95470368167244
656,21,APAC,Android,Food,Travel,Sports,0.428407193352333,16.473925484152364
657,29,LATAM,Android,Sports,Education,Dance,0.5624656966478618,11.907573853823452
658,37,APAC,iOS,Fashion,Dance,Music,0.8852601417193524,23.030422044141762
659,25,LATAM,iOS,Food,Fashion,DIY,0.7828749140303191,7.4204252971377285
660,14,NA,Web,Travel,DIY,Fashion,0.5772990511740022,7.413128517754534
661,27,APAC,Android,Fashion,Food,Music,0.39565027462869856,4.833579661151567
662,20,EMEA,Android,Sports,Travel,Music,0.7816125930146969,32.80520956989158
663,25,EMEA,iOS,Education,Fashion,Dance,0.883621494433757,2.832350695841394
664,27,LATAM,iOS,Fashion,Education,Dance,0.5199609848539928,15.706851735782433
665,14,EMEA,iOS,Music,Travel,DIY,0.7348683566567875,16.695989575056654
666,15,APAC,Android,Fashion,Food,Education,0.5201696169412786,16.23514063129953
667,31,EMEA,iOS,Dance,Food,Education,0.5827947505131879,5.170375839788052
668,23,NA,iOS,Music,Sports,Food,0.619928303963931,8.69028126933404
669,13,EMEA,Android,Music,Travel,Food,0.8205806512178224,14.252188260619524
670,34,EMEA,Web,Fashion,Music,Travel,0.982004787303145,6.125225878117413
671,30,APAC,Android,Education,DIY,Food,0.555492930110586,7.825058078575462
672,22,LATAM,Android,Food,DIY,Sports,0.4738520049980848,6.208855159597441
673,17,LATAM,Android,Food,Comedy,Dance,0.49887280517791305,10.436147479880054
674,34,APAC,iOS,Music,DIY,Sports,0.30711125550014534,9.962123229385146
675,30,LATAM,iOS,Sports,Food,Music,0.4375509902541782,25.655360128032783
676,47,EMEA,Android,Music,Comedy,Education,0.269157930615045,14.460052386629108
677,31,LATAM,iOS,DIY,Travel,Dance,0.5423154105433978,3.4647117910420966
678,31,NA,Android,DIY,Food,Fashion,0.3338858154488391,3.714365888208235
679,26,EMEA,Android,Education,Music,Comedy,0.477125396779527,15.89017531251807
680,34,NA,Web,Dance,Food,Education,0.834862199513285,9.886995630605606
681,33,NA,iOS,Comedy,Education,Dance,0.39674212047130886,31.59364790677348
682,38,EMEA,iOS,Dance,Food,Sports,0.6895156970736551,31.53725111104891
683,23,EMEA,iOS,DIY,Dance,Food,0.9209451353988902,4.810894719172097
684,24,APAC,iOS,Comedy,DIY,Travel,0.6535433496236376,12.032111841452295
685,24,NA,iOS,DIY,Travel,Fashion,0.35503409021793014,3.7547840415866003
686,34,NA,iOS,Comedy,Music,Food,0.47581295517276345,15.714483650279211
687,39,APAC,Android,Music,DIY,Food,0.6722953657472528,27.990765602962252
688,24,NA,Android,Comedy,Sports,DIY,0.6052889118078828,10.9093775464434
689,24,NA,Web,Sports,Dance,Comedy,0.31889586902152306,7.226568809711149
690,30,NA,iOS,Fashion,Dance,Travel,0.5574370757524552,12.879233186639077
691,26,LATAM,iOS,Travel,Music,Food,0.6344533559281987,17.872571223980533
692,35,APAC,iOS,Fashion,Comedy,Food,0.413866171566058,17.950650876771476
693,13,EMEA,iOS,Fashion,Comedy,Travel,0.6899564122718815,7.2868840341557375
694,21,EMEA,iOS,Food,Comedy,Sports,0.2561280795881679,6.006995377696206
695,21,NA,Web,Food,DIY,Music,0.4692856268524135,11.594788544597613
696,13,LATAM,iOS,Music,Fashion,Education,0.8434214662220596,7.654024015626462
697,20,LATAM,iOS,Dance,Comedy,Travel,0.4074278407265244,21.387914320041396
698,20,NA,Android,Food,Education,Comedy,0.6841414800024626,7.586185531724676
699,26,NA,Android,Comedy,DIY,Music,0.5280237709682496,10.365713758604507
700,36,NA,Android,Food,Dance,Sports,0.45316811393219747,12.663407174941474
701,26,NA,iOS,Comedy,DIY,Food,0.9329053503280216,2.928327539598045
702,19,EMEA,Android,DIY,Travel,Sports,0.47460937446430684,6.406514673442621
703,27,EMEA,iOS,Music,Dance,DIY,0.3893407211896147,30.723737444523714
704,36,NA,iOS,Music,Education,Fashion,0.9274410525122165,17.384663168814264
705,20,LATAM,Android,Fashion,Sports,DIY,0.796755484748652,7.510884772065525
706,20,EMEA,Android,Comedy,Travel,Education,0.7454397709585578,15.756918443841654
707,32,EMEA,iOS,Travel,Music,DIY,0.23962795365350065,21.16294893692832
708,26,APAC,Android,Dance,Food,Fashion,0.30496396857262065,8.397913303142044
709,33,LATAM,iOS,Comedy,Food,DIY,0.7106719710477303,16.8481210084214
710,27,APAC,iOS,Sports,DIY,Food,0.3675462692210082,15.318569602389434
711,33,NA,iOS,Sports,Music,Dance,0.3805103885042873,3.8085083038405982
712,19,LATAM,Android,Dance,DIY,Comedy,0.8233108122748887,8.43173766144101
713,27,NA,iOS,Sports,Travel,Comedy,0.42873995906955414,26.08449661878414
714,26,LATAM,Android,Sports,Fashion,DIY,0.25726984172153283,30.175862839136958
715,18,LATAM,iOS,Food,Fashion,Comedy,0.2291455578478889,17.477709075296232
716,15,NA,Android,Fashion,Music,Dance,0.5545423897962303,6.240836769515829
717,33,EMEA,Android,Education,Food,Music,0.6937028621477168,1.1477467611176049
718,25,NA,iOS,Food,Travel,Education,0.8951081867134423,5.600498949080058
719,19,NA,iOS,Travel,Food,Sports,0.28864351602611144,3.3704641852778443
720,27,NA,iOS,Food,Fashion,Comedy,0.35733826103063704,27.306804845945955
721,37,LATAM,Android,DIY,Travel,Sports,0.623840488725977,1.9639376403015052
722,13,NA,iOS,Sports,Comedy,Travel,0.4912866897935801,3.900486658071944
723,16,LATAM,Android,Music,Dance,Travel,0.5860299609963957,11.431223679480375
724,20,NA,iOS,Food,Dance,Fashion,0.9392997191873724,9.837931750866613
725,39,EMEA,Android,Sports,Travel,Education,0.6359133230917497,25.273858346434693
726,30,APAC,Android,Dance,Food,Sports,0.5320964884896608,14.697604467509223
727,34,LATAM,Android,Education,Comedy,Sports,0.991551925359796,8.884473962174212
728,18,EMEA,Web,DIY,Dance,Comedy,0.25217253591962907,21.639654224866387
729,19,APAC,iOS,DIY,Music,Sports,0.9456907586969376,7.351780259727341
730,31,APAC,Android,Music,Fashion,Travel,0.6013294736523864,26.581210808827635
731,28,EMEA,iOS,Fashion,Travel,Sports,0.6030050702137105,5.009458532282509
732,32,APAC,Android,Food,Comedy,Music,0.9375714673625675,9.584511511997567
733,26,APAC,Android,Fashion,DIY,Sports,0.6058591836744556,1.361146425857709
734,30,EMEA,Android,DIY,Food,Fashion,0.5507256724241191,18.069427262684616
735,29,LATAM,Android,Travel,Sports,Food,0.4179908736937592,10.98812305624643
736,34,NA,iOS,Food,Travel,Fashion,0.7270534134539368,26.62623888658993
737,34,NA,iOS,Sports,Travel,Comedy,0.6557160727838093,8.209471117016069
738,15,LATAM,iOS,Sports,Fashion,Dance,0.3714763495582265,2.888387074351262
739,13,LATAM,Android,Sports,DIY,Travel,0.7675303320490598,13.46265879229552
740,36,LATAM,Android,Travel,Dance,Music,0.7152694858693125,6.553452312123894
741,37,EMEA,iOS,Education,Sports,Comedy,0.5178671073652327,16.41148082459615
742,19,EMEA,iOS,Music,Travel,Fashion,0.20352073752284047,5.096187378900905
743,13,APAC,iOS,Food,Comedy,Education,0.5572649201409502,23.666111973296292
744,28,NA,iOS,Fashion,Dance,Comedy,0.20484649370420138,10.360548201178048
745,35,NA,iOS,Music,Comedy,DIY,0.2599987914392319,8.909509289957017
746,42,EMEA,Android,Food,Dance,Sports,0.5444879219846672,22.668335034044595
747,32,APAC,Android,Fashion,Dance,Education,0.26553590734826216,18.243867450526892
748,25,APAC,iOS,Fashion,Food,Education,0.420532347029733,5.679245082392984
749,20,APAC,Android,Comedy,Music,Sports,0.7243930948471748,17.902272253802536
750,28,APAC,Android,Dance,Fashion,Music,0.44689227408753524,15.558335250168136
751,25,NA,iOS,Dance,DIY,Comedy,0.9981188752972083,9.276288169736315
752,19,LATAM,iOS,Fashion,Music,Food,0.933041627131985,16.971649866522498
753,44,NA,iOS,Dance,Education,Travel,0.6682479236684189,23.59903813119919
754,42,EMEA,iOS,Fashion,Comedy,Travel,0.9735577109079443,9.474135668339851
755,37,APAC,Android,Sports,Education,Food,0.8944138355460176,9.497309392475499
756,20,NA,Web,DIY,Dance,Sports,0.45511881507238966,9.129732816472336
757,34,EMEA,iOS,Comedy,Food,Music,0.7996769967882476,5.498003978469114
758,33,NA,Android,Education,Comedy,Food,0.3094654272031579,9.40378156785039
759,31,NA,iOS,Comedy,Music,Food,0.7476411395029929,8.667739830392957
760,37,NA,Android,Music,Fashion,Education,0.5928654611956643,8.30429189073292
761,33,NA,Android,Music,Dance,Education,0.21346075140225979,8.213036705647092
762,33,APAC,iOS,Comedy,Sports,Dance,0.4193838579122966,3.8914473596035504
763,33,LATAM,iOS,DIY,Fashion,Music,0.9643057739233989,19.44132606253445
764,30,APAC,Android,Comedy,DIY,Music,0.4526651880707846,6.398620738337835
765,13,EMEA,Web,Sports,Fashion,Music,0.3451635642411526,24.44603239863958
766,28,NA,iOS,Travel,Sports,DIY,0.3500251572577667,4.634406135791051
767,23,NA,iOS,Music,Fashion,Comedy,0.5833706117135593,28.014954667525114
768,17,APAC,iOS,Travel,Fashion,Music,0.8741193925364279,7.621868028973231
769,41,NA,Android,Music,Comedy,Dance,0.8064014121066772,18.04411302821522
770,41,APAC,Android,Food,Music,Comedy,0.5494816060302194,10.91408238093651
771,38,NA,Android,Fashion,Education,Comedy,0.3669815067495685,3.4391166491610687
772,30,EMEA,Android,Food,Education,Music,0.2368519200817529,3.6027976231369943
773,38,APAC,Android,Dance,DIY,Education,0.5701042555861848,5.990896187908242
774,28,NA,Android,Sports,Travel,Education,0.8518202788145535,7.301804759333895
775,29,NA,iOS,Fashion,DIY,Music,0.783745594875451,9.689966409097227
776,19,APAC,Android,Dance,Comedy,Music,0.5268806141018003,12.579757422596852
777,31,NA,iOS,Travel,Sports,Music,0.6757621375340803,8.80265484805956
778,28,LATAM,iOS,Music,Sports,Food,0.5489972167569741,12.12390499747886
779,17,LATAM,Web,Education,Comedy,Dance,0.6632128878321423,13.501750795705806
780,27,NA,Android,Sports,Fashion,Food,0.6140041955148394,8.520127388327918
781,27,EMEA,Web,Dance,Travel,Education,0.7447732801001272,15.390453655185741
782,42,EMEA,iOS,Sports,Comedy,Dance,0.6061670748264991,17.70351780759446
783,35,LATAM,Android,Sports,Food,Travel,0.9524887985340469,13.735349852502328
784,28,APAC,Android,Fashion,Music,Travel,0.542422545265349,14.263823034547693
785,29,NA,iOS,Music,Food,Dance,0.21273304243176874,11.394010206055675
786,28,NA,iOS,DIY,Food,Comedy,0.3890988283271877,20.54194778245071
787,26,EMEA,Android,Education,DIY,Comedy,0.6004854864853248,9.849756244095168
788,19,APAC,iOS,Education,Comedy,DIY,0.6324574815109296,6.0759415795224605
789,26,NA,Web,Education,Music,Travel,0.6419078314496428,10.058069382620365
790,22,NA,iOS,Education,Comedy,Food,0.7716416786160658,3.4922623855000055
791,17,LATAM,iOS,Sports,DIY,Comedy,0.41971851409402233,3.129420351699805
792,32,APAC,Android,Music,Comedy,DIY,0.7319229432331817,17.75869723603078
793,31,NA,iOS,Food,Education,Sports,0.7632258184953702,24.69827745834541
794,13,LATAM,Web,Dance,Comedy,DIY,0.5290246020966611,7.799992152095751
795,27,EMEA,Android,Comedy,Travel,Food,0.5217352793170577,17.869358931354135
796,35,LATAM,iOS,DIY,Sports,Fashion,0.3431398285251598,1.729930103087354
797,36,NA,Android,DIY,Sports,Travel,0.5311899010042991,13.7644049633778
798,36,NA,Android,Food,Fashion,Sports,0.82945303336561,9.878002341090092
799,28,LATAM,Android,Sports,Travel,Fashion,0.9271784044399072,27.270628779754496
